Facility,Date,Description
Bazan oil refinery complex,"Sat, 28 Feb 2026",The Bazan oil refinery complex in Haifa shut some facilities due to the escalating conflict between Israel and Iran.
Israel's natural gas fields,"Sat, 28 Feb 2026","Israel shut down its natural gas fields as the Iran attack unfolded, halting gas production and refinery operations."
Khor Mor gas field,"Sat, 28 Feb 2026",The Khor Mor gas field suspended operations due to the conflict.
Saudi Aramco refinery,"Sun, 01 Mar 2026","A Saudi Aramco refinery in Saudi Arabia was hit by a suspected drone strike, and another refinery in Kuwait was affected by debris."
Ras Tanura refinery,"Sun, 01 Mar 2026",Saudi Aramco shut the Ras Tanura refinery after a drone strike.
Aramco Oil Refinery,"Sun, 01 Mar 2026",Iran's drones hit the Aramco Oil Refinery in Saudi Arabia.
Krasnodar refinery,"Sat, 28 Feb 2026",A drone attack sparked a fire at the Krasnodar refinery.
Saudi refinery,"Mon, 02 Mar 2026","Iran attacked a giant Saudi refinery, pushing up oil prices. The attack has affected global oil markets."
Qatar LNG production facilities,"Mon, 02 Mar 2026","Iranian drone strikes shut down Qatar LNG production facilities, causing energy prices to surge."
Ras Tanura refinery,"Mon, 02 Mar 2026","Drones hit the Saudi Ras Tanura refinery as Iran strikes targets across the region, causing a fire at the refinery."
Aramco oil refinery,"Mon, 02 Mar 2026","Missile debris sparked a fire at the Aramco oil refinery in Saudi Arabia, and the refinery was later shut down after a drone attack."
Leviathan and Karish gas fields,"Mon, 02 Mar 2026","Israel halted the Leviathan and Karish gas fields after Iran strikes, affecting oil and gas production in the region."
Iraqi Kurdish and Israeli oil and gas fields,"Mon, 02 Mar 2026","Iraqi Kurdish and Israeli oil and gas fields were shut down amid Mideast strikes, affecting the regional energy supply."
Saudi Aramco refinery,"Mon, 02 Mar 2026","Iranian drones struck the refinery, forcing a shutdown and pushing up oil prices."
Israeli oil and gas fields,"Mon, 02 Mar 2026","Mideast strikes forced the shutdown of Israeli oil and gas fields, contributing to the escalation of the conflict."
Iraqi Kurdish oil and gas fields,"Mon, 02 Mar 2026","Mideast strikes led to the shutdown of Iraqi Kurdish oil and gas fields, further disrupting regional energy production."
Duqm port fuel tank,"Tue, 03 Mar 2026","A drone hit a fuel tank at Oman's Duqm port, marking another incident in the series of attacks on regional energy infrastructure."
Saudi Arabia's largest oil refinery,2026-03-03,Iranian drones forced the shutdown of Saudi Arabia's largest oil refinery. The attack has triggered energy fears in the region.
Gulf oil and gas sites,2026-03-03,"Iran attacked multiple oil and gas sites in the Gulf, causing significant damage and disrupting energy production."
Qatar LNG and Saudi oil refinery,2026-03-03,"Middle East strikes halted Qatar LNG and Saudi oil refinery operations, affecting global energy supplies."
Saudi Aramco,2026-03-03,"Iran blamed Israel for a drone attack on Saudi Aramco, calling it a 'false flag' operation."
Ras Tanura oil refinery,2026-03-03,"A drone hit the Ras Tanura oil refinery in Saudi Arabia, causing damage and disrupting operations."
Duqm port,2026-03-03,"A drone hit a fuel tank at Oman's Duqm port, causing damage and disrupting operations."
Saudi Aramco's largest refinery,2026-03-04,"The refinery was hit again by a drone, causing damage and disrupting operations."
Ras Tanura oil refinery,2026-03-04,"Saudi Arabia reported an attempted attack on the Ras Tanura oil refinery, but no damage was caused."
Refineries in Saudi Arabia and Kuwait,2026-03-04,"Iran attacked refineries in Saudi Arabia and Kuwait, causing damage and disrupting energy production."
Ras Tanura oil refinery,"Wed, 04 Mar 2026","Saudi Arabia reports attempted attack on Ras Tanura oil refinery, no damage reported. Saudi Arabia also reports drone attack on Ras Tanura refinery."
Saudi Aramco's Largest Refinery,"Wed, 04 Mar 2026","Saudi Aramco's Largest Refinery Hit Again By Drone, and Saudi Aramco suspends operations at Ras Tanura refinery."
Bapco refinery,"Thu, 05 Mar 2026","Iranian missile strikes Bahrain's main oil refinery, fire breaks out but is contained. Bahrain's key oil refinery BAPCO in flames after 'Iranian ballistic missile attack'."
Al-Kharj,"Thu, 05 Mar 2026","Saudi air defenses neutralize missile, drone threats targeting Al-Kharj and Ras Tanura."
Basrah refinery,"Thu, 05 Mar 2026","Basrah refinery shuts after Iraq blackout, restart may take days."
Bapco Energies refinery,"Thu, 05 Mar 2026","Iranian missile strike caused a massive fire to break out at Bahrain's largest oil refinery, but the fire was contained and operations continued."
Ras Tanura refinery,"Thu, 05 Mar 2026",Saudi Arabia reported another drone attack on the refinery.
Northern refinery,"Thu, 05 Mar 2026","Iran struck a northern refinery in Saudi Arabia, prompting the kingdom to weigh its response."
Bahrain Petroleum Company petrol refinery,"Thu, 05 Mar 2026","Iranian missile strike sparked a fireball at the refinery, causing a spike in prices."
Bahrain's state-run oil refinery,"Fri, 06 Mar 2026","An Iranian missile hit the refinery, causing a fire that was later contained. The attack was part of a larger conflict between Iran and other countries in the region."
Haifa refinery,"Sat, 07 Mar 2026","Iran targeted the refinery in a retaliatory strike, as part of the ongoing conflict in the region."
Oil Storage Facility in Tehran,"Sat, 07 Mar 2026","The facility was struck, with reports of huge plumes of smoke seen from the site. The attack was part of a series of strikes by Israel on Iranian oil targets."
Iranian oil depots,"Sat, 07 Mar 2026","US and Israeli strikes hit the depots for the first time since the war began, as part of a broader campaign against Iranian oil facilities."
Aqdasieh Oil Depot,"Sat, 07 Mar 2026","A massive fire and thick smoke rose from the depot after it was reportedly hit by a strike amid the conflict in Tehran, Iran."
Tehran Oil Refinery,"Sat, 07 Mar 2026",The refinery was hit in airstrikes as Iran faced mounting pressure from US and Israeli forces. The attack was part of a series of strikes on Iranian oil facilities.
Oil reserves in and around Tehran,"Sat, 07 Mar 2026","The IDF struck three different oil reserves, with huge plumes of smoke seen from two of the oil sites. The attack was part of a broader campaign against Iranian oil targets."
Oil storage tanks in Tehran,"Sat, 07 Mar 2026","Israel hit the oil storage tanks, as part of a series of strikes on Iranian oil facilities. The attack was reported by Israeli media."
Iran oil facilities,2026-03-07,"Israel Air Force strikes oil facilities in Iran, marking the first time Iran's oil facilities have been hit in the war. The strikes are part of a larger conflict between Iran, the US, and Israel."
Tehran fuel depots,2026-03-07,"Israel strikes fuel depots in Tehran, causing a cloud of toxic smoke to shroud the city. The attack is part of an escalation of the conflict between Iran and Israel."
Haifa refinery,2026-03-07,"Iran targets Haifa refinery in a retaliatory strike, hitting the refinery and causing damage. The attack is a response to Israeli strikes on Iranian oil facilities."
Bahrain refinery,2026-03-07,"A drone hits a refinery in Bahrain, causing damage and disrupting operations. The attack is part of a larger conflict in the region."
Tehran oil sites,2026-03-08,"US and Israeli forces bomb oil storage facilities in Tehran, causing widespread damage and fires. The attack is part of an escalation of the conflict between Iran, the US, and Israel."
Haifa oil refinery,2026-03-08,Iran strikes Haifa oil refinery in response to attacks on Iranian energy infrastructure. The attack causes damage and disrupts operations at the refinery.
Iranian oil depots,2026-03-08,"US and Israeli forces hit Iranian oil depots, causing explosions and fires. The attack is part of a larger conflict between Iran, the US, and Israel."
Tehran oil refinery,2026-03-07,"Tehran oil refinery is hit in airstrikes, causing damage and disrupting operations. The attack is part of a larger conflict between Iran, the US, and Israel."
Iran oil facilities,2026-03-08,Iran oil facilities were hit for the first time as the war with US-Israel entered day 9. The attack was part of a larger conflict between Iran and US-Israel.
Tehran fuel depots,2026-03-08,"Israel struck fuel depots in Tehran, causing a cloud of toxic smoke to shroud the city. The air quality became unbearable due to the smoke."
Haifa refinery,2026-03-08,Iran claimed to have hit the Haifa refinery in Israel after Israel bombed Tehran oil depots. The attack was part of the ongoing conflict between Iran and Israel.
Bahrain refinery,2026-03-09,"Iran set Bahrain's only refinery ablaze, prompting the country to declare force majeure. The attack disrupted oil operations in the region."
Iranian oil facilities,2026-03-08,Israeli strikes on Iranian oil facilities aimed to break the resilience of the Iranian people. The attacks were part of a larger conflict between Iran and Israel.
Bapco refinery,2026-03-09,"Iran struck Bahrain's Bapco refinery, causing significant damage and disrupting oil operations. The refinery was forced to declare force majeure due to the attack."
Tehran oil storage facilities,2026-03-08,"US-Israeli forces bombed oil storage facilities in Tehran, causing a dark haze to engulf the city. The attack was part of the ongoing conflict between Iran and US-Israel."
Israel's largest oil refinery,2026-03-08,"Iran struck Israel's largest oil refinery, causing significant damage and disrupting oil operations. The attack was part of the ongoing conflict between Iran and Israel."
Bahrain Refinery,2026-03-09,"Iran strikes Bahrain's only refinery, setting it ablaze and forcing the country to declare force majeure. The attack has crippled refinery operations and deepened the Gulf energy crisis."
Tehran Oil Facilities,2026-03-09,"Air strikes on Tehran oil facilities have caused black rain and toxic clouds, posing health and environmental risks. The strikes are part of the ongoing conflict between Iran and Israel."
Ruwais Refinery,2026-03-10,A drone attack on the Ruwais refinery in the UAE has halted operations and deepened the Gulf energy crisis. The attack is believed to be part of Iran's efforts to disrupt oil exports in the region.
UAE Refinery,2026-03-10,The largest oil refinery in the UAE has been shut down as a precaution after a drone attack. The closure has contributed to a fuel crisis and prompted a global energy body to call an emergency meeting.
Bapco Oil Refinery,2026-03-09,"Iran has used drones to attack Bahrain's main refinery, Bapco, causing significant damage and forcing the company to declare force majeure. The attack has suspended refinery operations and affected oil shipments."
Tehran oil facilities,2026-03-10,"Air strikes on Tehran oil facilities caused black rain, toxic clouds over Tehran."
Ruwais refinery,2026-03-10,"Drone attack on Ruwais refinery, UAE's largest oil refinery, forced it to shut down as a precaution."
Haifa Refinery,2026-03-10,Iranian drones targeted Haifa Refinery in northern Israel in response to an attack on Iranian oil depots.
Bahrain's only refinery,2026-03-10,"Iran set Bahrain's only refinery ablaze, prompting Bapco to declare force majeure."
Iran's Energy Infrastructure,2026-03-11,"US-Israeli bombing of Iran's energy infrastructure marks a new escalation in the war, causing significant damage and disruption to the country's energy sector."
Oman's oil facilities,2026-03-11,"Iranian drone strike hits Oman's largest oil storage facility, causing damage and disruption to the country's oil industry."
Ruwais Refinery,2026-03-11,"Drone strike shuts down UAE's Ruwais refinery, one of the largest refineries in the world, as Iran war hits Gulf oil production."
Ras Tanura Refinery,2026-03-12,"Ras Tanura Refinery strike and 7 critical signals as Gulf energy risks persist, indicating a potential disruption to the refinery's operations."
Qatari gas site,2026-03-11,"Iran hits Qatar gas site in retaliation for Israeli energy strikes, causing damage and disruption to the country's gas industry."
ADNOC complex,2026-03-11,"ADNOC complex hit amid attacks on Iran, causing damage and disruption to the UAE's oil production."
Haifa Oil Refinery,2026-03-11,"Video claiming to show Iranian missile destroying Haifa Oil Refinery is AI-generated, but indicates a potential threat to the refinery's operations."
Bahrain's oil refinery,2026-03-11,"Missile hits refinery, Bahrain's oil company declares force majeure, indicating a disruption to the country's oil production."
Salalah Port,2026-03-11,"Drones strike oil storage tanks in strategic Omani hub, causing damage and disruption to the port's operations."
Iranian refineries,2026-03-12,"Airstrikes on Iranian refineries trigger toxic 'black rain' over Tehran, causing significant environmental and health concerns."
Iran's Energy Infrastructure,2026-03-12,US-Israeli bombing of Iran's energy infrastructure marks new escalation in war. The attack targeted key energy facilities in Iran.
Middle East's oil fields,2026-03-13,"Iran's military threatens the Middle East's oil fields, potentially disrupting global oil supplies and escalating the conflict."
Saudi oil facility,2026-03-13,"A video claiming to show an attack on a Saudi oil facility was debunked as an old video of a Yemen port blaze, not a recent attack."
U.S.-Linked Energy Sites,2026-03-13,"Iran warns that U.S.-linked energy sites across the region are potential targets, indicating a possible expansion of the conflict."
Israel's oil refinery,2026-03-12,"A fact-check revealed that old, AI-generated videos were shared as the Iranian attack on Israel's oil refinery, which was not a real event."
Energy Infrastructure,2026-03-13,"Iran strongly warns the US against any attack on energy infrastructure, as the conflict continues to escalate."
Oman's oil facilities,2026-03-12,"The Iranian embassy in South Africa labeled a drone strike on Oman's oil facilities as a 'false flag operation', disputing the attribution of the attack."
UAE and Qatar logistics centers,2026-03-12,"Iran destroyed three key logistics centers in the UAE and Qatar in retaliation for Tehran, indicating an expansion of the conflict."
Bahrain,2026-03-12,"Bahrain was rocked by explosions after an Iranian attack, indicating a potential escalation of the conflict in the region."
Iraq Oil Refinery,2026-03-13,"Iran launched a 44th missile wave, and an Iraq oil refinery was hit and burned in a drone strike, indicating ongoing conflict."
UAE's Fujairah,"Sat, 14 Mar 2026 07:00:00 GMT","Drone attack halts some oil loading operations, causing a fire in the area."
Krasnodar oil refinery,"Sat, 14 Mar 2026 07:00:00 GMT","Kyiv pounds oil refinery in Krasnodar, Russia, in response to Russian air strikes in Ukraine."
Lanaz refinery,"Sat, 14 Mar 2026 07:00:00 GMT",Drone strike halts operations at the Lanaz refinery.
Iran's oil export hub,"Fri, 13 Mar 2026 07:00:00 GMT",The U.S. military attacks Iran's oil export hub.
Erbil oil refinery,"Fri, 13 Mar 2026 07:00:00 GMT","Drone attack hits the oil refinery in Erbil, Iraq."
Glencore's Australia refinery,"Fri, 13 Mar 2026 07:00:00 GMT",Workers go on strike at the refinery due to a pay dispute.
BP's Whiting refinery,"Fri, 13 Mar 2026 07:00:00 GMT","Union workers reject the final offer, potentially leading to a strike."
IOCL's Panipat refinery,"Sat, 14 Mar 2026 07:00:00 GMT",Workers return to the refinery after a 5-day strike.
Kharg Island,"Fri, 13 Mar 2026 07:00:00 GMT","The U.S. attacks Iran's Kharg Island, prompting Iranian retaliation."
Russian refinery and port in Krasnodar region,"Sat, 14 Mar 2026 07:00:00 GMT",Ukrainian drones strike the Russian refinery and port in the Krasnodar region.
Iraqi oil refinery,"Sun, 15 Mar 2026 07:00:00 GMT",Drone strike causes fire at Iraqi refinery. Iran denies responsibility for the attack.
Lanaz refinery,"Sun, 15 Mar 2026 07:00:00 GMT",Drone strike halts operations at Lanaz refinery in Iraq's Erbil. Fire breaks out at the refinery.
Fujairah port,"Sat, 14 Mar 2026 07:00:00 GMT",Drone attack on Fujairah port in UAE causes fire and suspension of some oil loading operations.
Kharg Island,"Sat, 14 Mar 2026 07:00:00 GMT",US attacks Iran's Kharg Island. Iran threatens to widen war in response.
Russian oil refinery,"Sat, 14 Mar 2026 07:00:00 GMT",Ukraine confirms drone strike on major southern Russian oil refinery. Russian refinery and port hit by drones.
Ruwais complex,"Sun, 15 Mar 2026 07:00:00 GMT",Abu Dhabi authorities contain fire at Ruwais complex after drone incident.
Krasnodar region oil refinery,"Sat, 14 Mar 2026 07:00:00 GMT",Ukrainian drones strike oil refinery and port in Russia's Krasnodar region.
UAE Gas Field,2026-03-16,A gas field in the UAE was set ablaze after Iran struck the country's energy supplies. The attack has disrupted energy production in the region.
Iraqi oil refinery,2026-03-15,A drone attack caused a fire at an Iraqi oil refinery. Iran has denied responsibility for the attack.
Shah Gas Field,2026-03-16,"A drone strike sparked a fire at the Shah gas field in Abu Dhabi, operated by ADNOC and Occidental. Operations at the field have been suspended."
Lanaz refinery,2026-03-15,A drone strike caused a fire to break out at the Lanaz refinery in Iraq's Erbil. The refinery has halted operations due to the attack.
Kharg Island export hub,2026-03-16,"The US has claimed to have 'totally demolished' Iran's Kharg Island export hub, leading to a rise in oil prices. The attack is part of the ongoing US-Israel war on Iran."
Ras Tanura oil refinery,2026-03-15,Iran has denied attacking the Saudi Arabian Ras Tanura oil refinery. The denial comes amid ongoing tensions between Iran and Saudi Arabia.
Fujairah Port,2026-03-16,"The UAE's Fujairah Port and Shah Gas Field have been attacked, adding to energy disruption in the region. The attacks are part of the ongoing conflict between Iran and the UAE."
Shah gas field,2026-03-16,"A drone strike sparked a fire at the Shah gas field in Abu Dhabi, operated by ADNOC and Occidental, leading to the suspension of operations."
Fujairah port and Shah gas field,2026-03-16,"Attacks on the UAE's Fujairah port and Shah gas field added to energy disruption, with the Shah gas field being set ablaze and operations suspended."
Iranian Oil Depots,2026-03-16,"Netanyahu allegedly ignored Trump's warning not to strike Iranian oil depots, though the exact date and details of the strike are unclear."
World's largest natural gas field,2026-03-17,"Strikes hit the world's largest natural gas field in Iran, prompting Tehran to retaliate with more attacks, escalating the conflict."
Shah gas field,2026-03-17,"The Shah gas field was ablaze after an Iranian drone strike, as the Gulf energy war widened and operations at the field were suspended."
South Pars gas field,"Wed, 18 Mar 2026","Israel attacked Iran's major gas field in a new escalation, and Iran retaliated with more attacks."
Qatar energy facilities,"Wed, 18 Mar 2026",Iran fired missiles at Qatar and Saudi energy facilities in response to the Israeli attack on its gas field.
Ras Laffan gas facility,"Wed, 18 Mar 2026",Qatar reported significant damage at the Ras Laffan gas facility due to an Iranian attack.
Iranian gas and oil sites in South Pars and Asaluyeh,"Wed, 18 Mar 2026","The sites were hit, but the extent of the damage is unknown."
Gulf energy facilities,"Wed, 18 Mar 2026",Iran threatened to strike Gulf energy facilities after the Israeli attack on its gas field.
Major LNG plant,"Wed, 18 Mar 2026","Iran attacked a major LNG plant, causing oil and gas prices to surge."
Haifa oil refinery,"Thu, 19 Mar 2026","Iranian missile attack hit the Haifa oil refinery in Israel, causing some damage. The attack was in retaliation for Israel's strike on Iran's South Pars gas field."
Gulf energy sites,"Thu, 19 Mar 2026",Iran intensified attacks on Gulf energy sites after Israel struck its key gas field. The attacks have sent energy prices soaring and rattled markets.
Bazan oil refinery,"Thu, 19 Mar 2026",The Bazan oil refinery was damaged in an Iranian missile barrage. The attack was part of Iran's retaliation for Israel's strike on its gas field.
Qatar gas hub,"Thu, 19 Mar 2026",Stock markets were rattled and energy prices soared after strikes on the Qatar gas hub. The attacks were part of the escalation between Iran and Israel.
South Pars gas field,"Thu, 19 Mar 2026","Israel struck Iran's key gas field, leading to an escalation of the conflict and potential disruption to global energy supplies. The attack has been described as a new phase of the war."
Qatari LNG facilities,"Fri, 20 Mar 2026","Iran's attacks have wiped out 17% of Qatar's LNG capacity, which could have long-term implications for global energy markets and Qatar's economy."
Kuwaiti oil refinery,"Fri, 20 Mar 2026","Iran hit a Kuwaiti oil refinery as Israel renewed its attacks on Tehran, further escalating the conflict and threatening regional energy security."
Qatar's LNG facility,2026-03-20,Iran attacks wiped out 17% of Qatar's LNG capacity for up to five years. The attack was a result of escalating tensions between Iran and Israel.
Haifa refinery,2026-03-20,Israel's Haifa refinery confirmed damage to 'essential' infrastructure due to Iranian strikes. The refinery reported that most production was still online despite the damage.
Kuwaiti oil refinery,2026-03-20,Iran hit a Kuwaiti oil refinery as Israel renewed attacks on Tehran. The strike was part of the escalating conflict between Iran and Israel.
South Pars gas field,2026-03-20,"Israel struck the South Pars gas field in Iran, causing a spike in energy prices. The field is Iran's largest natural gas field and a crucial part of the country's economy."
Bazan refinery,2026-03-21,An Iranian strike on the Bazan refinery raised concerns among experts. The attack was part of the ongoing conflict between Iran and Israel.
Kuwait refinery,2026-03-20,Iranian drones struck a Kuwait refinery as the war spread to Gulf energy sites. The attack was a result of escalating tensions between Iran and Israel.
South Pars gas field,"Sat, 21 Mar 2026","The South Pars gas field was attacked, and Iranian gas to Iraq resumed after the attack. The field is the world's largest natural gas field and is crucial for Iran's energy production."
Haifa refinery,"Sun, 22 Mar 2026","A strike on the Haifa refinery raised concerns for experts, and Israel faces growing energy risks after the attack."
Bazan refinery,"Sat, 21 Mar 2026","An Iranian strike on the Bazan refinery raised concerns for experts, highlighting the risks of the ongoing conflict."
Offshore gas field,"Sat, 21 Mar 2026","An Israeli strike on an offshore gas field led to Iranian retaliation against Gulf refineries, escalating the conflict."
Kuwait oil refinery,"Sat, 21 Mar 2026","A drone attack caused a fire at a Kuwait oil refinery, highlighting the risks of the ongoing conflict to regional energy infrastructure."
Ras Laffan,"Sat, 21 Mar 2026","Iran's attack on Qatar's Ras Laffan is considered terrible news for the world, as it threatens global energy supplies and stability."
Saudi refinery,"Sat, 21 Mar 2026","A strike on a Saudi refinery sparked fears of multi-region escalation, highlighting the risks of the ongoing conflict to global energy markets."
Arad,"Sun, 22 Mar 2026","Iranian strikes on Israel's Arad caused damage to residential buildings, highlighting the human cost of the conflict."
Haifa oil refineries,"Sun, 22 Mar 2026","Iranian missile shrapnel hit Haifa oil refineries, causing damage and disrupting energy production."
South Pars gas field,2026-03-22,Israeli officials said the US was told about the attack on the South Pars gas field. The field is a significant source of natural gas for Iran.
Haifa refinery,2026-03-22,Israel faces growing energy risks after a strike on the Haifa refinery. Iranian missile shrapnel hit the Haifa oil refineries.
Qatar's gas infrastructure,2026-03-23,The damage to Qatar's gas infrastructure could push costs higher for years to come. The damage was caused by attacks on the infrastructure.
23 oil and gas sites,2026-03-23,23 oil and gas sites have been targeted since the beginning of the Iran conflict. Experts say this is a worst-case scenario.
Bazan oil refinery,2026-03-23,The Bazan oil refinery says all activities will resume in Haifa in the coming days after a missile attack caused damage.
Valero oil refinery,2026-03-23,"A massive blast rocked the Valero oil refinery in Port Arthur, Texas. The cause of the blast is not specified."
Russian oil port,2026-03-23,Ukraine hit a major Russian oil port near Finland. The port is a key location for Russian oil exports.
Bashkortostan oil refinery,2026-03-23,"Ukraine hit the Bashkortostan oil refinery, a key Russian oil refinery. The attack is part of the ongoing conflict between Ukraine and Russia."
Russia's largest oil terminal,2026-03-23,Russia's largest oil terminal was ablaze after a drone attack. The terminal is a critical location for Russian oil exports.
Qatar’s gas infrastructure,"Mon, 23 Mar 2026",The damage to Qatar’s gas infrastructure could push costs higher for years to come.
23 oil and gas sites,"Mon, 23 Mar 2026",23 oil and gas sites have been targeted since the beginning of the Iran conflict.
Valero’s Port Arthur refinery,"Tue, 24 Mar 2026",A massive blast rocked Valero’s Port Arthur refinery amid an Iran blockade of the Strait of Hormuz.
Bazan oil refinery,"Mon, 23 Mar 2026","The Bazan oil refinery in Haifa was damaged in a missile attack, but all activities are set to resume in the coming days."
South Pars gas field,"Tue, 24 Mar 2026",Iran Gas Flow to Turkey stopped after a strike on the South Pars gas field.
Russian oil port and refinery,"Mon, 23 Mar 2026",Ukraine struck a key Russian oil port and refinery.
Kuwaiti refinery,"Mon, 23 Mar 2026","Iran hit a Kuwaiti refinery, and explosions were heard over Tehran from an Israeli attack."
Bashkortostan oil refinery,"Mon, 23 Mar 2026",Ukraine hit Russia's key Baltic Sea oil port and the Bashkortostan oil refinery.
"Valero refinery in Port Arthur, Texas","Tue, 24 Mar 2026","An explosion was reported at the Valero refinery in Port Arthur, Texas, forcing residents to shelter in place."
Russia's largest oil terminal,"Mon, 23 Mar 2026",Russia's largest oil terminal was ablaze after a drone attack.
Valero's Port Arthur refinery,"Tue, 24 Mar 2026","A massive blast rocked the refinery, causing a fire and forcing residents to shelter in place. The cause of the blast is still under investigation."
Gulf energy infrastructure,"Wed, 25 Mar 2026","France confirmed that 30-40 percent of the Gulf energy infrastructure has been destroyed, resulting in a significant oil crisis."
Qatar's gas infrastructure,"Wed, 25 Mar 2026","Damage to Qatar's gas infrastructure could push costs higher for years to come, according to reports."
Russian oil port,"Wed, 25 Mar 2026","Ukraine struck a critical Russian oil port in a major drone attack, halting at least 40% of Russia's oil export capacity."
Iranian energy infrastructure,"Tue, 24 Mar 2026","The US and Israel targeted Iran's energy infrastructure, including a strike on the Isfahan and Khorramshahr regions."
Leningrad Region Oil Refinery,"Thu, 26 Mar 2026",Major oil refinery in Leningrad region reportedly damaged in Ukrainian drone strike.
Israeli power plant,"Wed, 25 Mar 2026","Iran appears to target Israeli power plant in missile attack, but misses."
Gulf refineries,"Wed, 25 Mar 2026","Iran escalates strikes on Gulf refineries, causing oil and gas prices to surge."
Qatar helium facility,"Wed, 25 Mar 2026",Air Liquide to reallocate helium from other regions after Qatar hit.
Kinef refinery,"Thu, 26 Mar 2026",Kinef refinery targeted in latest Baltic energy attack.
Iran Nuclear Plant Site,"Wed, 25 Mar 2026",Russia 'Deeply Outraged' by reported strike on Iran nuclear plant site.
Russian oil export facilities,"Wed, 25 Mar 2026",Ukrainian drone strikes halt at least 40% of Russia’s oil export capacity.
Valero Texas Refinery,"Wed, 25 Mar 2026",Valero has been forced to shut down a Texas refinery after an explosion.
Gulf petro-facilities,"Wed, 25 Mar 2026","Tehran targets Gulf petro-facilities, according to Netanyahu."
Russian Oil Port,"Wed, 25 Mar 2026",Ukraine strikes critical Russian oil port in major drone attack.
Iranian cities,"Wed, 25 Mar 2026",Witnesses report overnight strikes in several Iranian cities.
Caspian Port,"Wed, 25 Mar 2026",Israel hits Iran’s Caspian port used for Russia arms transfers in first-ever strike.
Leningrad Region Refinery,2026-03-26,A Ukrainian drone strike reportedly damaged a major oil refinery in the Leningrad region of Russia.
Russian oil refinery,2026-03-27,"Ukraine struck a Russian oil refinery, crippling the facility and impacting Russian oil revenue."
Bazan Refinery,2025,"Iran's 2025 strike on the Bazan refinery caused damage, but the facility has since returned to full capacity despite new missile damage."
Kinef refinery,2026-03-26,The Kinef refinery was targeted in the latest Baltic energy attack.
Russia's second-largest refinery,2026-03-27,"Drones struck Russia's second-largest refinery near St. Petersburg, disrupting oil exports by 40%."
Kirishi refinery,2026-03-26,Ukraine confirmed a strike on the Kirishi refinery in the Leningrad region.
Facility near Manama,2026-03-26,A fire hit a facility near Manama after an Iranian attack on Bahrain.
South Pars and Ras Laffan,2026-03-27,The South Pars and Ras Laffan strikes pose a global energy risk.
Kuwait refinery,2026-03-28,"Iran hits Kuwait refinery as war rages on, according to MSN."
Aramco refinery,2026-03-28,"Drones hit Saudi's Aramco refinery, as reported by Bhaskar English."
Bapco refinery,2026-03-28,"Fire at Bapco refinery in Bahrain, with sirens sounded, as reported by jordannews.jo."
Refinery Complex in Bahrain,2026-03-28,"Massive blaze at refinery complex, US Fifth Fleet Headquarters in Bahrain after strikes, as reported by News18."
Yaroslavl oil refinery,2026-03-28,"Ukraine drones strike Yaroslavl oil refinery, as reported by MSN and The Kyiv Independent."
Russian oil industry,2026-03-27,"Ukraine steps up attacks on Russian oil industry, as reported by CNN."
Russian oil revenue,2026-03-27,"Ukraine fends off increased attacks, strikes Russian oil revenue, according to Al Jazeera."
Baltic hubs,2026-03-27,"Putin's oil hit again as Ukraine strikes Baltic hubs, as reported by TVP World."
Iranian energy sites,2026-03-27,"US strikes on Iran energy sites spark crisis fears, according to Brussels Morning."
Haifa Refinery,2026-03-27,"Video does not show fire at Haifa Refinery after alleged Iranian missile strike, as reported by موقع مسبار."
UAE refinery,2026-03-28,"Third fire breaks out in UAE after Iran missile attack, as reported by Al Arabiya English."
Russian refinery,2026-03-28,"Russia economy meltdown for Putin as refinery goes up in flames, according to Daily Express."
Ras Tanura refinery,2026-03-29,"Iran hit Saudi's Aramco's Ras Tanura refinery, causing damage to the facility."
Emirates Global Aluminium,2026-03-29,"Emirates Global Aluminium reported 'significant damage' from Iranian strikes, affecting the aluminium production."
Beersheba refinery,2026-03-29,"A massive fire broke out at the Beersheba refinery, with chemical storage facilities damaged and a risk of leakage."
Kuwait International Airport,2026-03-28,"An alleged Iranian drone attack on Kuwait International Airport caused a large fire, with oil tankers ablaze."
Bahrain's Alba,2026-03-29,"Iran strikes aluminium plants in Bahrain's Alba, with the facility assessing damage."
US Fifth Fleet Headquarters in Bahrain,2026-03-28,"A massive blaze broke out at the US Fifth Fleet Headquarters in Bahrain after strikes, with a key industrial site targeted."
Haifa oil refinery,"Mon, 30 Mar 2026",A fire broke out at the Haifa oil refinery in northern Israel after a missile barrage from Iran and Lebanon. The fire was later contained.
Israeli oil refinery,"Sun, 29 Mar 2026","Iran launched a missile attack on a refinery in Israel's largest industrial zone in Beersheba, causing damage and disruption."
Tabriz petrochemical facility,"Mon, 30 Mar 2026","Iran's Tabriz petrochemical facility was hit in an attack, with a fire breaking out that was later contained, according to the company."
Ras Tanura refinery,"Sun, 29 Mar 2026","Iran hit Saudi's Aramco's Ras Tanura refinery, targeting the country's oil infrastructure."
Emirates Global Aluminium,"Sun, 29 Mar 2026","Emirates Global Aluminium reported significant damage from Iranian strikes, although the extent of the damage is not specified."
Mehrabad Airport and petrochemical facility in Tabriz,"Mon, 30 Mar 2026","US-Israeli strikes hit Tehran's Mehrabad Airport and a petrochemical facility in Tabriz, Iran, as the conflict escalates."
Mehrabad Airport petrochemical facility,"Mon, 30 Mar 2026",US-Israeli strikes hit Tehran's Mehrabad Airport and a petrochemical facility in Tabriz. The extent of the damage is not known.
Kuwaiti Tanker,"Tue, 31 Mar 2026","A Kuwaiti tanker full of oil was struck off Dubai, a day after Trump's threats to Iran. The cause of the strike is not known."
Iran's oil and gas facilities,2026-03-31,"US-Israeli strikes on Iran's oil and gas facilities could have severe environmental and health consequences. The strikes are part of an escalating conflict between the US, Israel, and Iran."
Kuwaiti oil tanker,2026-03-30,"A Kuwaiti oil tanker was struck off the coast of Dubai, reportedly by an Iranian attack. The tanker was fully loaded with oil and caught fire, damaging its hull."
Israel oil refinery,2026-03-31,"Iranian missiles struck an oil refinery in Israel, causing significant damage and fires. The attack is part of an escalating conflict between Iran and Israel."
Gulf and Israeli infrastructure,2026-03-31,"Iran attacked Gulf and Israeli infrastructure, including oil refineries and other facilities. The attacks are part of a larger conflict between Iran, Israel, and the US."
Russian oil facilities,2026-03-31,"Ukraine strikes on Russian oil facilities caused huge fires, as seen in satellite images. The attacks are part of a larger conflict between Ukraine and Russia."
Iran's power plants,2026-03-31,"Trump renewed threats to Iran's power plants, which could have significant consequences for the country's energy infrastructure and civilian population."
Haifa oil refinery,2026-03-31,"Iranian missiles struck the Haifa oil refinery in Israel, causing explosions and fires. The attack is part of an escalating conflict between Iran and Israel."
Pharmaceutical facility,2026-04-01,"Iran reported that a strike on a pharmaceutical facility had hit the country's medical supply chain, potentially causing significant harm to civilians."
Aramco and Kuwait refinery,2026-03-31,"Iran struck Saudi's Aramco and a Kuwait refinery in retaliation for an Israeli attack on the South Pars gas field. The attacks are part of a larger conflict between Iran, Israel, and the US."
UAE's Ruwais refinery,2026-03-31,"The UAE's Ruwais refinery halted production after a drone attack, which could impact crude prices and the global energy market."
Kharg island,2026-03-31,"Trump threatened to strike Kharg island, which could have significant consequences for Iran's energy infrastructure and civilian population."
Haifa refinery,2026-04-01,"Israel's Haifa refinery was damaged in an Iran and Hezbollah missile attack, with reports of fire and smoke at the site."
South Pars Gas Field,2026-04-01,Iran threatened Gulf petrochemical sites after a strike on the South Pars Gas Field.
Saudi Arabia's Oil Refinery,2026-04-01,Saudi Arabia's oil refinery was under attack as Iran expanded its retaliation to Israel and a US base in the region.
Iraqi Kurdish Oil Refinery,2026-04-01,An Iraqi Kurdish oil refinery was hit by a drone strike after refusing to help Trump fight Iran.
QatarEnergy oil tanker,2026-04-01,"An oil tanker was hit by missiles in Gulf waters, according to QatarEnergy."
Iranian Energy Facilities,2026-04-02,"Trump warned that the US would strike Iranian energy facilities within weeks, threatening the global oil supply."
British motor oil company,2026-04-01,Drones struck a British motor oil company in Iraq after Iran warned that Tehran could strike UK bases.
Iran's Oil Export Hub,"Fri, 03 Apr 2026","The U.S. military attacked Iran's oil export hub, according to Trump. This attack is part of the ongoing conflict between the U.S. and Iran."
Kuwait's Oil Refinery Units,"Fri, 03 Apr 2026",Kuwait's oil refinery units were set on fire after an Iranian drone attack. The attack has caused significant damage to the refinery and has impacted the global oil market.
Russian oil fields,"Thu, 02 Apr 2026","Drone attacks have caused Russian oil output cuts, which are unavoidable according to sources. The attacks have shrunk exports and affected the oil market."
Kuwait's Mina Al-Ahmadi refinery,"Fri, 03 Apr 2026","A drone strike hit Kuwait's Mina Al-Ahmadi refinery, causing fires to break out. The attack has damaged the refinery and has raised concerns about the security of oil facilities in the region."
Ukrainian oil refinery,"Fri, 03 Apr 2026",A fire erupted at a Ukrainian oil refinery after it was attacked by Russian forces. The attack has caused significant damage to the refinery and has impacted the global oil market.
Iran's Qeshm port,"Fri, 03 Apr 2026",Satellite imagery shows damage at Iran's Qeshm port after US-Israel strikes. The attack has caused significant damage to the port and has impacted Iran's ability to export oil.
Kuwait's desalination plant,"Fri, 03 Apr 2026",Kuwait's desalination plant was damaged in an Iranian drone attack. The attack has caused significant damage to the plant and has raised concerns about the security of critical infrastructure in the region.
Kuwait oil refinery,2026-04-03,"Iran launched a drone strike on the Kuwait oil refinery, causing a fire and damage to the facility. The attack was part of a series of retaliatory strikes by Iran against Gulf energy infrastructure."
Kuwait desalination plant,2026-04-03,"The desalination plant in Kuwait was hit by missile and drone strikes, causing damage to the facility. The attack was part of a series of strikes by Iran against Gulf energy infrastructure."
UAE's Habshan gas facility,2026-04-03,At least one person was killed in an intercepted attack on the Habshan gas facility in the UAE. The attack was part of a series of strikes by Iran against Gulf energy infrastructure.
Abu Dhabi gas facility,2026-04-03,Operations were halted at the main gas facility in Abu Dhabi after an attack. The attack was part of a series of strikes by Iran against Gulf energy infrastructure.
Iranian gas field,2026-04-04,"Israel attacked an Iranian gas field, with Netanyahu stating that Israel 'acted alone' in the attack."
Leviathan gas field,2026-04-03,"Israel resumed operations at the Leviathan gas field after a 32-day halt due to the war. The field had been previously attacked, causing a disruption in operations."
Petrochemical plant in Iran,2026-04-04,Iran rejected a ceasefire proposal after Israel bombed a key petrochemical plant in Iran. The attack was part of a series of strikes by Israel against Iranian targets.
Emirates Global Aluminium,2026-04-03,"The Emirates Global Aluminium facility was damaged in an Iranian strike, with repairs expected to take up to a year to complete."
Iran's Largest Petrochemical Complex,2026-04-04,"Israel struck Iran's largest petrochemical complex, a key site for the regime's weapon manufacture. The strike was part of a series of attacks on Iranian petrochemical facilities."
Mahshahr Petrochemical Zone,2026-04-04,"US-Israeli strikes hit the Mahshahr petrochemical zone in southwest Iran, causing casualties and damage to the facility."
Bushehr Nuclear Plant,2026-04-04,"A projectile hit near Iran's Bushehr nuclear plant, killing one person. The incident occurred amid a series of strikes on Iranian energy infrastructure."
Petrochemical facilities in southwestern Iran,2026-04-04,"US-Israeli attacks on several petrochemical facilities in southwestern Iran resulted in 5 killed and 170 injured, according to reports."
Bapco facility in Bahrain,2026-04-05,"A fire broke out at the Bapco facility in Bahrain after an Iranian attack, but it was later extinguished."
Mahshahr Petrochemical Complex,2026-04-05,"Israel struck Iran's Mahshahr Petrochemical Complex, halting production."
Gulf Petrochemical Industries,2026-04-05,"A fire broke out at Bahrain's Gulf Petrochemical Industries after an Iranian drone attack, but was later brought under control."
Bahrain oil refinery,2026-04-05,An explosion occurred at Bahrain's key oil refinery site after an Iranian missile strike.
Kuwait Oil Facilities,2026-04-05,Kuwait's oil facilities and headquarters were damaged by Iranian drone strikes.
Israel's largest petrochemical plant,2026-04-06,Iran launched a massive strike on Israel's largest petrochemical plant after Trump's 'hell' threat.
Iranian petrochemical plant in a massive gas field,2026-04-06,Israel hit an Iranian petrochemical plant in a massive gas field as Trump's deadline approached.
Kuwait's oil infrastructure,2026-04-05,Iran struck Kuwait's oil infrastructure before Opec+ supply talks.
Petrochemical facilities in the Gulf,2026-04-05,Iran's Revolutionary Guards targeted petrochemical facilities in the Gulf.
UAE gas field,2026-04-06,Iran struck a major UAE gas field as Israel intensified attacks on Tehran.
Bushehr Nuclear Plant,2026-04-05,The US and Israel struck Iran's Bushehr Nuclear Plant again.
Kuwait Petroleum Corp,2026-04-05,Kuwait Petroleum Corp reported damage at units after Iranian drone attacks.
South Pars plant,2026-04-06,"Israel hit the South Pars plant and killed an IRGC commander, jolting ceasefire diplomacy."
UAE Petrochemical Hub,2026-04-05,"The UAE Petrochemical Hub was hit by falling debris, and emergency teams were on the scene."
Iran petrochemical plant,2026-04-05,Israeli defense minister defended a strike on an Iran petrochemical plant.
Abu Dhabi petrochemical plant,2026-04-05,A fire broke out at an Abu Dhabi petrochemical plant after an attack was intercepted.
Bapco Refinery,2026-04-05,"Bahrain's Bapco Refinery was under attack, and a video showed a storage tank exploding into flames."
Asaluyeh petrochemical complex,"Mon, 06 Apr 2026","Israel struck Iran's petrochemical complex at Asaluyeh, according to the defence minister. The strike is part of the ongoing conflict between Israel and Iran."
South Pars gas field,"Mon, 06 Apr 2026","Israel attacked Iran's South Pars gas field again, as reported by multiple news sources. The attack is seen as an escalation of the conflict between the two countries."
Iran's largest petrochemical plant,"Mon, 06 Apr 2026","The IDF struck Iran's largest petrochemical plant, as confirmed by Israel Katz. The strike is part of the ongoing conflict between Israel and Iran."
Petrochemical complex in southwestern Iran,"Mon, 06 Apr 2026","A US-Israeli strike hit a petrochemical complex in southwestern Iran, according to reports. The strike is part of the ongoing conflict between the US, Israel, and Iran."
Iran's largest petrochemical complex,"Mon, 06 Apr 2026","A US-Israeli strike hit Iran's largest petrochemical complex, as reported by TRT World. The strike is part of the ongoing conflict between the US, Israel, and Iran."
South Pars natural gas field,"Mon, 06 Apr 2026","Israel hit the South Pars natural gas field as the Trump deadline looms, according to the Washington Examiner. The attack is seen as an escalation of the conflict between Israel and Iran."
Largest petrochemical facility in Iran,"Mon, 06 Apr 2026","The IDF struck the largest petrochemical facility in Iran, as confirmed by Katz. The strike is part of the ongoing conflict between Israel and Iran."
Petrochemical plant in Iran,"Mon, 06 Apr 2026","Israel hit a petrochemical plant in Iran ahead of the Trump deadline, as reported by The Hill. The strike is part of the ongoing conflict between Israel and Iran."
Iran's largest petrochemical site,"Mon, 06 Apr 2026","Israel says it struck Iran's largest petrochemical site, according to The Times of Israel. The strike is part of the ongoing conflict between Israel and Iran."
Petrochemical complex in southern Iran,"Mon, 06 Apr 2026","US-Israeli forces attacked another petrochemical complex in southern Iran, as reported by the Fars news agency. The strike is part of the ongoing conflict between the US, Israel, and Iran."
Saudi Petrochemical Complex,"Tue, 07 Apr 2026","A Saudi Petrochemical Complex was hit hours after Iran facilities were struck, as reported by NDTV. The attack is seen as an escalation of the conflict in the region."
Jubail petrochemical complex,2026-04-07,"Iran has attacked Saudi Arabia's Jubail petrochemical complex, according to the IRGC. The attack adds to global supply risk."
Iran's largest aluminum producer and petrochemical facility,2026-04-07,The US and Israel have attacked Iran's largest aluminum producer and petrochemical facility.
Saudi petrochemical complex,2026-04-07,An overnight attack has hit a Saudi petrochemical complex after similar strikes in Iran.
Jubail petrochem complex,2026-04-07,Iran's attack on Saudi Arabia's giant Jubail petrochem complex has added to global supply risk.
Iran's largest petrochemical facility,2026-04-07,Israel's defense minister says they have struck Iran's largest petrochemical facility.
Saudi Petrochemical Site,2026-04-08,"A Saudi Petrochemical site has been hit, escalating regional tensions after strikes on Iran."
Iran's largest aluminum and petrochemical complex,2026-04-07,An attack has hit Iran's largest aluminum and petrochemical complex.
South Pars gas field,2026-04-07,There are reports that Trump knew about the South Pars gas field attack beforehand.
Major Iranian Petrochemical Facility at South Pars,2026-04-07,Israel says it struck a major Iranian petrochemical facility at South Pars.
Petrochemical complex in Iran's Shiraz city,2026-04-07,The Israeli army says it targeted another petrochemical complex in Iran's Shiraz city.
Iran's South Pars petrochemical plant,2026-04-07,Israel has attacked Iran's South Pars petrochemical plant again after Trump's warning.
Iran's petrochemical site in Shiraz,2026-04-07,Israel says it struck Iran's petrochemical site in Shiraz.
Iran's key gas field,2026-04-07,Israel has struck Iran's key gas field as Trump's Hormuz deadline looms.
Oil refinery,2026-04-08,Iranian state TV reports an attack on an oil refinery after a ceasefire is announced.
Iran's Oil Export Hubs,2026-04-07,The US and Israel have struck Iran's oil export hubs ahead of Trump's deadline.
Oil refinery in Kuwait,2026-04-07,An oil refinery in Kuwait is on fire after an Iranian drone attack.
Iran's largest aluminum plant and petrochemical complex,2026-04-07,US-Israeli strikes have hit Iran's largest aluminum plant and petrochemical complex.
Saudi petrochemical hub,2026-04-07,Iran has struck a Saudi petrochemical hub amid escalating Gulf tensions.
Haifa oil refinery,2026-04-07,Iran claims to have struck Israel's Haifa oil refinery.
Israeli petrochemical facility near Dimona,2026-04-07,Iran has struck an Israeli petrochemical facility near Dimona.
"SABIC Petrochemical Plants in Jubail, Saudi Arabia",2026-04-07,"Iranian missiles have struck SABIC Petrochemical Plants in Jubail, Saudi Arabia."
Lavan refinery,"Wed, 08 Apr 2026",Iranian Oil Refining Company confirms attack on Lavan refinery. The attack occurred hours after a US-Iran ceasefire agreement was announced.
Lavan Island Oil Refinery,"Wed, 08 Apr 2026","Footage from Iran's Lavan Oil Refinery shows damage after what Iran claims was an attack by the UAE. The facility processes 35,000 bpd of crude."
Iran's largest natural gas field,"Wed, 08 Apr 2026","Israel strikes Iran's largest natural gas field, which could have significant implications for the region."
Jubail petrochem complex,"Wed, 08 Apr 2026",Iran's attack on Saudi Arabia's giant Jubail petrochem complex adds to global supply risk.
South Pars petrochemical plant,"Wed, 08 Apr 2026",Israel hits Iran's South Pars petrochemical plant again after Trump's warning.
Haifa Oil Refinery,"Wed, 08 Apr 2026",Satellite images show a tank destroyed at Haifa Oil Refinery.
Iran's largest petrochemical facility,"Wed, 08 Apr 2026",Israel says it struck Iran's largest petrochemical facility.
Bahrain's oil firm,"Wed, 08 Apr 2026","Bahrain's oil firm declares force majeure after refinery attack, affecting energy flows."
Saudi oil pipeline,2026-04-09,Iran struck Saudi oil pipeline as attacks on Gulf countries continued.
Lavan Refinery,2026-04-09,Lavan refinery strike triggered Iranian retaliation despite ceasefire.
Iran's gas field,2026-04-09,"Israel struck at Iran's gas heart, escalating global energy crisis."
Petrochemical plants,2026-04-09,Damage to petrochemical plants complicates any plan for recovery.
Iran Lavan Refinery,2026-04-09,Iran Lavan Refinery strike rekindles oil risk.
Kuwait refinery,2026-04-09,"Kuwait refinery on fire after Iranian drone attack, operations under threat."
Abu Dhabi petrochemicals plant,2026-04-09,Gulf conflict: Abu Dhabi petrochemicals plant halts as attack sparks fires.
Saudi energy sites,2026-04-09,Saudi suspends operations at key energy sites after Iranian attacks.
Karish gas field,2026-04-09,Israel says production can restart at Energean's Karish gas field.
Qatar LNG,2026-04-09,Goldman Sachs warns Qatar LNG damage could push global gas prices up.
South Pars gasfield,2026-04-09,Explosions heard in South Pars gasfield as Israel attacks petrochemical facility.
Iran's largest petrochemical complex,2026-04-09,Israel carries out 'powerful strike' on Iran's largest petrochemical complex in South Pars.
